"Scan Time","Barcode","Is Manual Entered","Is Uploaded","Upload Time","Latitude","Longitude"
"2025-06-16 04:13:02.318","https://t.me/eirsvi","N","Y","2025-06-16 04:13:02.467","",""
"2025-06-16 04:12:49.012","https://t.me/eirsvi","N","Y","2025-06-16 04:12:49.200","",""
"2025-06-16 04:12:43.915","https://t.me/medmannews","N","Y","2025-06-16 04:12:44.085","",""
"2025-06-16 04:12:40.488","https://t.me/rtnews","N","Y","2025-06-16 04:12:40.694","",""
"2025-06-16 04:12:37.473","https://t.me/sypermyz","N","Y","2025-06-16 04:12:37.677","",""
"2025-06-16 04:12:34.758","https://t.me/usa_news_trump","N","Y","2025-06-16 04:12:34.949","",""
"2025-06-16 04:12:31.547","https://t.me/justfuckinlisten","N","Y","2025-06-16 04:12:31.736","",""
"2025-06-16 04:12:25.186","https://t.me/ctssport","N","Y","2025-06-16 04:12:25.375","",""
"2025-06-16 04:12:21.091","https://t.me/cnssport","N","Y","2025-06-16 04:12:21.277","",""
"2025-06-16 04:12:17.095","https://t.me/toptechhousemusic","N","Y","2025-06-16 04:12:17.298","",""
"2025-06-16 04:12:13.366","https://t.me/musical_barmen","N","Y","2025-06-16 04:12:13.557","",""
"2025-06-16 04:12:09.965","https://t.me/ibizadirection","N","Y","2025-06-16 04:12:10.165","",""
"2025-06-16 04:12:06.071","https://t.me/Aliyun_4K_Movies","N","Y","2025-06-16 04:12:06.238","",""
"2025-06-16 04:11:57.928","https://t.me/Hause_Techno_Remix","N","Y","2025-06-16 04:11:58.127","",""
"2025-06-16 04:11:55.015","https://t.me/fresh_electronic_music","N","Y","2025-06-16 04:11:55.214","",""
"2025-06-16 04:11:51.723","https://t.me/galina_55_1L","N","Y","2025-06-16 04:11:51.919","",""
"2025-06-16 04:11:47.160","https://t.me/BaiduCloudDisk","N","Y","2025-06-16 04:11:47.346","",""
"2025-06-16 04:11:43.509","https://t.me/ShansonPesni","N","Y","2025-06-16 04:11:43.699","",""
"2025-06-16 04:11:38.313","https://t.me/ShansonPesni","N","Y","2025-06-16 04:11:38.516","",""
"2025-06-16 04:11:30.155","https://t.me/Happimusic24","N","Y","2025-06-16 04:11:30.343","",""
"2025-06-16 04:11:27.225","https://t.me/eurodiscoteka","N","Y","2025-06-16 04:11:27.440","",""
"2025-06-16 04:11:23.945","https://t.me/oneonefivewpfx","N","Y","2025-06-16 04:11:24.127","",""
"2025-06-16 04:11:20.362","https://t.me/DSGJYLC_bot","N","Y","2025-06-16 04:11:20.539","",""
"2025-06-16 04:11:16.552","https://t.me/alinanute43","N","Y","2025-06-16 04:11:16.770","",""
"2025-06-16 04:11:11.556","https://t.me/Music_4_3_3","N","Y","2025-06-16 04:11:11.741","",""
"2025-06-16 04:11:08.526","https://t.me/eurodiscoteka","N","Y","2025-06-16 04:11:08.712","",""
"2025-06-16 04:11:03.947","https://t.me/oneonefivewpfx","N","Y","2025-06-16 04:11:04.147","",""
"2025-06-16 04:11:00.534","https://t.me/DSGJYLC_bot","N","Y","2025-06-16 04:11:00.725","",""
"2025-06-16 04:10:57.519","https://t.me/alinanute43","N","Y","2025-06-16 04:10:57.709","",""
"2025-06-16 04:10:53.254","https://t.me/myanmar_songs_feeling","N","Y","2025-06-16 04:10:53.428","",""
"2025-06-16 04:10:47.796","https://t.me/lllllButterflylllll","N","Y","2025-06-16 04:10:47.989","",""
"2025-06-16 04:10:41.698","https://t.me/speeeedyunderground","N","Y","2025-06-16 04:10:41.902","",""
"2025-06-16 04:10:39.203","https://t.me/tianyirigeng","N","Y","2025-06-16 04:10:39.391","",""
"2025-06-16 04:10:36.453","https://t.me/kpopmusicchannel","N","Y","2025-06-16 04:10:36.649","",""
"2025-06-16 04:10:33.522","https://t.me/technochannels","N","Y","2025-06-16 04:10:33.719","",""
"2025-06-16 04:10:29.279","https://t.me/topafrohousemusic","N","Y","2025-06-16 04:10:29.468","",""
"2025-06-16 04:10:26.385","https://t.me/toptechnopeaktimedrivingmusic","N","Y","2025-06-16 04:10:26.582","",""
"2025-06-16 04:10:23.301","https://t.me/vlacom_news","N","Y","2025-06-16 04:10:23.501","",""
"2025-06-16 04:10:19.689","https://t.me/TranceRY","N","Y","2025-06-16 04:10:19.909","",""
"2025-06-16 04:10:16.257","https://t.me/Bilderberg25","N","Y","2025-06-16 04:10:16.441","",""
"2025-06-16 04:10:12.912","https://t.me/garageringtones","N","Y","2025-06-16 04:10:13.099","",""
"2025-06-16 04:10:04.435","https://t.me/coooolmusic","N","Y","2025-06-16 04:10:04.639","",""
"2025-06-16 04:10:01.007","https://t.me/tyypzhpd","N","Y","2025-06-16 04:10:01.205","",""
"2025-06-16 04:09:58.308","https://t.me/techno_code","N","Y","2025-06-16 04:09:58.514","",""
"2025-06-16 04:09:54.762","https://t.me/china_song1","N","Y","2025-06-16 04:09:54.948","",""
"2025-06-16 04:09:51.681","https://t.me/tyysypzypd","N","Y","2025-06-16 04:09:51.828","",""
"2025-06-16 04:09:48.385","https://t.me/SuperMusis","N","Y","2025-06-16 04:09:48.573","",""
"2025-06-16 04:09:44.772","https://t.me/rapmyzik","N","Y","2025-06-16 04:09:44.970","",""
"2025-06-16 04:09:41.577","https://t.me/topdeepmelodictechnomusic","N","Y","2025-06-16 04:09:41.774","",""
"2025-06-16 04:09:37.110","https://t.me/Hause_Techno_Remix","N","Y","2025-06-16 04:09:37.301","",""
"2025-06-16 04:09:33.931","https://t.me/rapmyzik","N","Y","2025-06-16 04:09:34.125","",""
"2025-06-16 04:09:31.082","https://t.me/topdeepmelodictechnomusic","N","Y","2025-06-16 04:09:31.270","",""
"2025-06-16 04:09:28.104","https://t.me/bl4ck_cyb3r","N","Y","2025-06-16 04:09:28.289","",""
"2025-06-16 04:09:23.474","https://t.me/Kate_Svet_Music","N","Y","2025-06-16 04:09:23.660","",""
"2025-06-16 04:09:19.829","https://t.me/jdw168","N","Y","2025-06-16 04:09:20.039","",""
"2025-06-16 04:09:16.231","https://t.me/toporganichousemusic","N","Y","2025-06-16 04:09:16.431","",""
"2025-06-16 04:09:13.092","https://t.me/Relax_Deep","N","Y","2025-06-16 04:09:13.278","",""
"2025-06-16 04:09:10.208","https://t.me/Relax_Deep","N","Y","2025-06-16 04:09:10.361","",""
"2025-06-16 04:09:06.572","https://t.me/hiphopalbumsuneedtohear","N","Y","2025-06-16 04:09:06.767","",""
"2025-06-16 04:09:02.579","https://t.me/hiphopalbumsuneedtohear","N","Y","2025-06-16 04:09:02.784","",""
"2025-06-16 04:08:59.545","https://t.me/sadsadsadsadsadsadsad","N","Y","2025-06-16 04:08:59.748","",""
"2025-06-16 04:08:56.750","https://t.me/vita1music","N","Y","2025-06-16 04:08:56.939","",""
"2025-06-16 04:08:53.983","https://t.me/HDHiveBot","N","Y","2025-06-16 04:08:54.174","",""
"2025-06-16 04:08:50.972","https://t.me/HardDanceMusic","N","Y","2025-06-16 04:08:51.173","",""
"2025-06-16 04:08:47.941","https://t.me/janellerr","N","Y","2025-06-16 04:08:48.136","",""
"2025-06-16 04:08:44.593","https://t.me/kmengdigi","N","Y","2025-06-16 04:08:44.794","",""
"2025-06-16 04:08:40.430","https://t.me/tiktoksongsa","N","Y","2025-06-16 04:08:40.647","",""
"2025-06-16 04:08:37.832","https://t.me/HouseTechnoMusic","N","Y","2025-06-16 04:08:38.020","",""
"2025-06-16 04:08:35.005","https://t.me/Paradise23E","N","Y","2025-06-16 04:08:35.188","",""
"2025-06-16 04:08:32.121","https://t.me/style_ValFm_music","N","Y","2025-06-16 04:08:32.324","",""
"2025-06-16 04:08:29.209","https://t.me/Nuru_Smart_Accessories","N","Y","2025-06-16 04:08:29.404","",""
"2025-06-16 04:08:26.397","https://t.me/Ele_music","N","Y","2025-06-16 04:08:26.567","",""
"2025-06-16 04:08:22.365","https://t.me/Deep_music_RU","N","Y","2025-06-16 04:08:22.534","",""
"2025-06-16 04:08:16.422","https://t.me/lianhua_n","N","Y","2025-06-16 04:08:16.637","",""
"2025-06-16 04:08:12.456","https://t.me/khmer_cc_tool_bot","N","Y","2025-06-16 04:08:12.658","",""
"2025-06-16 04:08:08.762","https://t.me/movies_filmy","N","Y","2025-06-16 04:08:08.967","",""
"2025-06-16 04:08:05.796","https://t.me/Hopemusic_old","N","Y","2025-06-16 04:08:05.984","",""
"2025-06-16 04:08:02.538","https://t.me/hackmanac_cybernews","N","Y","2025-06-16 04:08:02.733","",""
"2025-06-16 04:07:58.772","https://t.me/BillboardTopRap1","N","Y","2025-06-16 04:07:58.963","",""
"2025-06-16 04:07:56.108","https://t.me/Space_Deep_Music","N","Y","2025-06-16 04:07:56.332","",""
"2025-06-16 04:07:53.378","https://t.me/chinamusic8","N","Y","2025-06-16 04:07:53.576","",""
"2025-06-16 04:07:49.861","https://t.me/Chinese_qqmusic","N","Y","2025-06-16 04:07:50.062","",""
"2025-06-16 04:07:46.083","https://t.me/Technolovers","N","Y","2025-06-16 04:07:46.276","",""
"2025-06-16 04:07:43.252","https://t.me/topim","N","Y","2025-06-16 04:07:43.468","",""
"2025-06-16 04:07:40.307","https://t.me/singinginEnglish","N","Y","2025-06-16 04:07:40.513","",""
"2025-06-16 04:07:36.409","https://t.me/consonanses_yfit","N","Y","2025-06-16 04:07:36.605","",""
"2025-06-16 04:07:33.431","https://t.me/cafe_by_stellarwind","N","Y","2025-06-16 04:07:33.622","",""
"2025-06-16 04:07:28.401","https://t.me/techsalito","N","Y","2025-06-16 04:07:28.586","",""
"2025-06-16 04:07:24.886","https://t.me/comptonoldmusic","N","Y","2025-06-16 04:07:25.076","",""
"2025-06-16 04:07:21.488","https://t.me/iballad","N","Y","2025-06-16 04:07:21.672","",""
"2025-06-16 04:07:18.691","https://t.me/Ssoundonn","N","Y","2025-06-16 04:07:18.880","",""
"2025-06-16 04:07:15.527","https://t.me/powereuro","N","Y","2025-06-16 04:07:15.729","",""
"2025-06-16 04:07:11.250","https://t.me/MUSIC_EVENT_TIMe","N","Y","2025-06-16 04:07:11.432","",""
"2025-06-16 04:07:07.836","https://t.me/MP3S0NGS","N","Y","2025-06-16 04:07:08.028","",""
"2025-06-16 04:07:02.108","https://t.me/xitoy5676","N","Y","2025-06-16 04:07:02.300","",""
"2025-06-16 04:06:56.415","https://t.me/moymirtuta","N","Y","2025-06-16 04:06:56.614","",""
"2025-06-16 04:06:53.049","https://t.me/Chinesesongsforyou","N","Y","2025-06-16 04:06:53.251","",""
"2025-06-16 04:06:49.037","https://t.me/Buddha_Bar_Cafe","N","Y","2025-06-16 04:06:49.239","",""
"2025-06-16 04:06:45.989","https://t.me/songsdarii","N","Y","2025-06-16 04:06:46.182","",""
"2025-06-16 04:06:41.028","https://t.me/Buddha_Bar_Cafe","N","Y","2025-06-16 04:06:41.205","",""
"2025-06-16 04:06:37.998","https://t.me/AppleHindiFLAC","N","Y","2025-06-16 04:06:38.184","",""
"2025-06-16 04:06:34.986","https://t.me/AgateMusic","N","Y","2025-06-16 04:06:35.182","",""
"2025-06-16 04:06:31.304","https://t.me/jerofcscript","N","Y","2025-06-16 04:06:31.510","",""
"2025-06-16 04:06:28.323","https://t.me/CopilotOfficialBot","N","Y","2025-06-16 04:06:28.522","",""
"2025-06-16 04:06:25.441","https://t.me/midnight_chinesesong","N","Y","2025-06-16 04:06:25.632","",""
"2025-06-16 04:06:22.610","https://t.me/Chinese_singing_song","N","Y","2025-06-16 04:06:22.784","",""
"2025-06-16 04:06:17.132","https://t.me/dpdccareers","N","Y","2025-06-16 04:06:17.328","",""
"2025-06-16 04:06:13.985","https://t.me/NatDmusic","N","Y","2025-06-16 04:06:14.175","",""
"2025-06-16 04:06:10.611","https://t.me/xiaoyituoyibot","N","Y","2025-06-16 04:06:10.825","",""
"2025-06-16 04:06:07.378","https://t.me/RadioMusicRock","N","Y","2025-06-16 04:06:07.576","",""
"2025-06-16 04:06:03.778","https://t.me/yinyue76","N","Y","2025-06-16 04:06:03.980","",""
"2025-06-16 04:06:00.500","https://t.me/inEnglisssh","N","Y","2025-06-16 04:06:00.681","",""
"2025-06-16 04:05:56.587","https://t.me/techno_deluxe","N","Y","2025-06-16 04:05:56.772","",""
"2025-06-16 04:05:53.074","https://t.me/billboardchartsss","N","Y","2025-06-16 04:05:53.273","",""
"2025-06-16 04:05:49.741","https://t.me/YtbDownBot","N","Y","2025-06-16 04:05:49.943","",""
"2025-06-16 04:05:46.495","https://t.me/yin_yue_bot","N","Y","2025-06-16 04:05:46.688","",""
"2025-06-16 04:05:41.451","https://t.me/arraybsh","N","Y","2025-06-16 04:05:41.640","",""
"2025-06-16 04:05:38.238","https://t.me/forever_in_myhead","N","Y","2025-06-16 04:05:38.428","",""
"2025-06-16 04:05:34.072","https://t.me/rare_90s_hip_hop","N","Y","2025-06-16 04:05:34.276","",""
"2025-06-16 04:05:27.814","https://t.me/ting_yin_yue_bot","N","Y","2025-06-16 04:05:28.003","",""
"2025-06-16 04:05:24.734","https://t.me/jisou","N","Y","2025-06-16 04:05:24.918","",""
"2025-06-16 04:05:21.402","https://t.me/Dj_Dave_Music","N","Y","2025-06-16 04:05:21.584","",""
"2025-06-16 04:05:18.357","https://t.me/tomorrowland77","N","Y","2025-06-16 04:05:18.545","",""
"2025-06-16 04:05:14.677","https://t.me/deep_house_rf","N","Y","2025-06-16 04:05:14.877","",""
"2025-06-16 04:05:09.683","https://t.me/koreansongsNK","N","Y","2025-06-16 04:05:09.875","",""
"2025-06-16 04:05:06.716","https://t.me/breakbeatmusic","N","Y","2025-06-16 04:05:06.905","",""
"2025-06-16 04:05:03.518","https://t.me/MUSIC_SoUnD_69","N","Y","2025-06-16 04:05:03.717","",""
"2025-06-16 04:05:00.360","https://t.me/MUSICKHMER9","N","Y","2025-06-16 04:05:00.560","",""
"2025-06-16 04:04:57.227","https://t.me/yyeee11","N","Y","2025-06-16 04:04:57.429","",""
"2025-06-16 04:04:54.276","https://t.me/AudiobooksArchive","N","Y","2025-06-16 04:04:54.470","",""
"2025-06-16 04:04:49.750","https://t.me/TTILOVEYOU","N","Y","2025-06-16 04:04:49.922","",""
"2025-06-16 04:04:46.820","https://t.me/TiktokVideoDownloaderIDBot","N","Y","2025-06-16 04:04:47.001","",""
"2025-06-16 04:04:43.806","https://t.me/sad_songs_chilll","N","Y","2025-06-16 04:04:44.004","",""
"2025-06-16 04:04:40.639","https://t.me/HuanmengXBot","N","Y","2025-06-16 04:04:40.825","",""
"2025-06-16 04:04:36.297","https://t.me/airexe","N","Y","2025-06-16 04:04:36.480","",""
"2025-06-16 04:04:32.017","https://t.me/SlowedReverb_Songs","N","Y","2025-06-16 04:04:32.238","",""
"2025-06-16 04:04:28.385","https://t.me/TRCCambodiaVerifierBot","N","Y","2025-06-16 04:04:28.572","",""
"2025-06-16 04:04:24.908","https://t.me/privacyninjaosintbot","N","Y","2025-06-16 04:04:25.096","",""
"2025-06-16 04:04:20.228","https://t.me/HSK123456","N","Y","2025-06-16 04:04:20.409","",""
"2025-06-16 04:04:16.350","https://t.me/chineselanguageselfstudyhsk4","N","Y","2025-06-16 04:04:16.550","",""
"2025-06-16 04:04:13.118","https://t.me/chinese_language_courses_china","N","Y","2025-06-16 04:04:13.317","",""
"2025-06-16 04:04:09.302","https://t.me/learnchineseforfree_zg","N","Y","2025-06-16 04:04:09.499","",""
"2025-06-16 04:04:06.223","https://t.me/headway_books_5th_edition_audios","N","Y","2025-06-16 04:04:06.408","",""
"2025-06-16 04:04:03.229","https://t.me/bookaudiozara","N","Y","2025-06-16 04:04:03.413","",""
"2025-06-16 04:03:57.646","https://t.me/bookaudio_free","N","Y","2025-06-16 04:03:57.833","",""
"2025-06-16 04:03:54.902","https://t.me/cambridge_dic_bot","N","Y","2025-06-16 04:03:55.065","",""
"2025-06-16 04:03:51.006","https://t.me/EGetS_bot","N","Y","2025-06-16 04:03:51.209","",""
"2025-06-16 04:03:40.946","https://t.me/GrokAI","N","Y","2025-06-16 04:03:41.163","",""
"2025-06-16 04:03:37.934","https://t.me/English_song_musicN1","N","Y","2025-06-16 04:03:38.133","",""
"2025-06-16 04:03:35.169","https://t.me/Tubemate2_bot","N","Y","2025-06-16 04:03:35.370","",""
"2025-06-16 04:03:31.923","https://t.me/MusicDownloaderRobot","N","Y","2025-06-16 04:03:32.104","",""
"2025-06-16 04:03:28.760","https://t.me/mtvmusic021","N","Y","2025-06-16 04:03:28.960","",""
"2025-06-16 04:03:25.295","https://t.me/zmovierobot","N","Y","2025-06-16 04:03:25.518","",""
"2025-06-16 04:03:22.296","https://t.me/IMG2TEXTBot","N","Y","2025-06-16 04:03:22.490","",""
"2025-06-16 04:03:19.136","https://t.me/MUSIC_V_MIX","N","Y","2025-06-16 04:03:19.342","",""
"2025-06-16 04:03:16.238","https://t.me/tigidikmuz","N","Y","2025-06-16 04:03:16.444","",""
"2025-06-16 04:03:12.361","https://t.me/CarMusicSyrym","N","Y","2025-06-16 04:03:12.558","",""
"2025-06-16 04:03:08.646","https://t.me/u_t_0_p_ia","N","Y","2025-06-16 04:03:08.846","",""
"2025-06-16 04:03:03.967","https://t.me/englsongs","N","Y","2025-06-16 04:03:04.157","",""
"2025-06-16 04:03:01.316","https://t.me/songsbytulus","N","Y","2025-06-16 04:03:01.521","",""
"2025-06-16 04:02:58.555","https://t.me/girlinredsongsss","N","Y","2025-06-16 04:02:58.745","",""
"2025-06-16 04:02:54.476","https://t.me/songsofthe1975","N","Y","2025-06-16 04:02:54.674","",""
"2025-06-16 04:02:51.195","https://t.me/sadsongslowed","N","Y","2025-06-16 04:02:51.384","",""
"2025-06-16 04:02:48.101","https://t.me/mariyaivanova227","N","Y","2025-06-16 04:02:48.290","",""
"2025-06-16 04:02:44.985","https://t.me/englishsongtt22","N","Y","2025-06-16 04:02:45.171","",""
"2025-06-16 04:02:41.705","https://t.me/mxsdi","N","Y","2025-06-16 04:02:41.893","",""
"2025-06-16 04:02:38.921","https://t.me/englishsadsongs","N","Y","2025-06-16 04:02:39.126","",""
"2025-06-16 04:02:34.628","https://t.me/SongsDj","N","Y","2025-06-16 04:02:34.836","",""
"2025-06-16 04:02:31.664","https://t.me/songs_tiktok_1","N","Y","2025-06-16 04:02:31.848","",""
"2025-06-16 04:02:28.264","https://t.me/Eyob_Mekonnen_Songs","N","Y","2025-06-16 04:02:28.469","",""
"2025-06-16 04:02:24.904","https://t.me/Yohana_all_songs","N","Y","2025-06-16 04:02:25.104","",""
"2025-06-16 04:02:21.857","https://t.me/EthiopianRemixMusic","N","Y","2025-06-16 04:02:22.054","",""
"2025-06-16 04:02:19.125","https://t.me/BlackSoundYT","N","Y","2025-06-16 04:02:19.327","",""
"2025-06-16 04:02:14.978","https://t.me/Meditationrelaxmusic_bot","N","Y","2025-06-16 04:02:15.185","",""
"2025-06-16 04:02:11.815","https://t.me/DownloadedTikTokSongs","N","Y","2025-06-16 04:02:11.989","",""
"2025-06-16 04:02:09.019","https://t.me/r_2_a7","N","Y","2025-06-16 04:02:09.201","",""
"2025-06-16 04:02:04.653","https://t.me/flacsouthtamil","N","Y","2025-06-16 04:02:04.843","",""
"2025-06-16 04:02:01.609","https://t.me/chines_song","N","Y","2025-06-16 04:02:01.811","",""
"2025-06-16 04:01:58.360","https://t.me/chinese_song_bot","N","Y","2025-06-16 04:01:58.531","",""
"2025-06-16 04:01:53.899","https://t.me/ChinasongByAhToy","N","Y","2025-06-16 04:01:54.101","",""
"2025-06-16 04:01:50.769","https://t.me/chinese_song1","N","Y","2025-06-16 04:01:50.968","",""
"2025-06-16 04:01:47.271","https://t.me/discoteca90","N","Y","2025-06-16 04:01:47.460","",""
"2025-06-16 04:01:38.763","https://t.me/shkoreansongs","N","Y","2025-06-16 04:01:38.980","",""
"2025-06-16 04:01:35.352","https://t.me/djmoon9999","N","Y","2025-06-16 04:01:35.549","",""
"2025-06-16 04:01:31.934","https://t.me/bookstoryforbaby","N","Y","2025-06-16 04:01:32.141","",""
"2025-06-16 04:01:27.958","https://t.me/music_box","N","Y","2025-06-16 04:01:28.174","",""
"2025-06-16 04:01:22.296","https://t.me/lagu_china","N","Y","2025-06-16 04:01:22.500","",""
"2025-06-16 04:01:18.717","https://t.me/Engish_song","N","Y","2025-06-16 04:01:18.912","",""
"2025-06-16 04:01:14.787","https://t.me/China_songs","N","Y","2025-06-16 04:01:14.975","",""
"2025-06-16 04:00:46.761","https://t.me/imageToText_bot","N","Y","2025-06-16 04:00:46.940","",""
"2025-06-16 04:00:41.967","https://t.me/TexifyBot","N","Y","2025-06-16 04:00:42.162","",""
"2025-06-16 04:00:30.446","https://t.me/library_Sec","N","Y","2025-06-16 04:00:30.629","",""
"2025-06-16 04:00:26.336","https://t.me/BlueRedTeam","N","Y","2025-06-16 04:00:26.516","",""
"2025-06-16 04:00:23.156","https://t.me/RedBlueBackup","N","Y","2025-06-16 04:00:23.362","",""
"2025-06-16 04:00:19.703","https://t.me/soundinvestigations","N","Y","2025-06-16 04:00:19.906","",""
"2025-06-16 04:00:16.524","https://t.me/OsintBlackBox","N","Y","2025-06-16 04:00:16.697","",""
"2025-06-16 04:00:10.995","https://t.me/interesting_knowledge_facts_tips","N","Y","2025-06-16 04:00:11.169","",""
"2025-06-16 04:00:03.168","https://t.me/SilentTech206","N","Y","2025-06-16 04:00:03.337","",""
"2025-06-16 04:00:00.104","https://t.me/Venari_By_BetterCyber","N","Y","2025-06-16 04:00:00.304","",""
"2025-06-16 03:59:56.677","https://t.me/Coding_Era","N","Y","2025-06-16 03:59:56.867","",""
"2025-06-16 03:59:51.114","https://t.me/translatekh_mptc","N","Y","2025-06-16 03:59:51.318","",""
"2025-06-16 03:59:46.770","https://t.me/KhmerSubtitlesBot","N","Y","2025-06-16 03:59:46.969","",""
"2025-06-16 03:59:36.612","https://t.me/diduknow0","N","Y","2025-06-16 03:59:36.807","",""
"2025-06-16 03:59:33.353","https://t.me/codedamn","N","Y","2025-06-16 03:59:34.430","",""
"2025-06-16 03:59:26.723","https://t.me/top_disasters","N","Y","2025-06-16 03:59:26.970","",""
"2025-06-16 03:59:20.695","https://t.me/booksallaroundtheworld","N","Y","2025-06-16 03:59:20.893","",""
"2025-06-16 03:59:15.097","https://t.me/estimationbbs","N","Y","2025-06-16 03:59:15.284","",""
"2025-06-16 03:59:09.424","https://t.me/Agronomyspi","N","Y","2025-06-16 03:59:09.606","",""
"2025-06-16 03:59:05.760","https://t.me/Saving2020","N","Y","2025-06-16 03:59:05.956","",""
"2025-06-16 03:58:59.928","https://t.me/bookstudylover","N","Y","2025-06-16 03:59:00.085","",""
"2025-06-16 03:58:55.901","https://t.me/PSYCHOLOGYISUS","N","Y","2025-06-16 03:58:56.099","",""
"2025-06-16 03:58:52.951","https://t.me/selfhelpbookspdfsfree","N","Y","2025-06-16 03:58:53.140","",""
"2025-06-16 03:58:48.622","https://t.me/Thearybook","N","Y","2025-06-16 03:58:48.842","",""
"2025-06-16 03:58:45.192","https://t.me/ramolpdf","N","Y","2025-06-16 03:58:45.375","",""
"2025-06-16 03:58:42.329","https://t.me/audiobooksummary","N","Y","2025-06-16 03:58:42.524","",""
"2025-06-16 03:58:39.067","https://t.me/booksoflearnenglish","N","Y","2025-06-16 03:58:39.264","",""
"2025-06-16 03:58:35.451","https://t.me/ibmarchive","N","Y","2025-06-16 03:58:35.638","",""
"2025-06-16 03:58:31.359","https://t.me/HYKhmer","N","Y","2025-06-16 03:58:31.566","",""
"2025-06-16 03:58:28.261","https://t.me/Briefcam","N","Y","2025-06-16 03:58:28.460","",""
"2025-06-16 03:58:23.965","https://t.me/cctvvideos","N","Y","2025-06-16 03:58:24.169","",""
"2025-06-16 03:58:20.485","https://t.me/KhmercamBot","N","Y","2025-06-16 03:58:20.676","",""
"2025-06-16 03:58:16.755","https://t.me/ecopolitics_archive","N","Y","2025-06-16 03:58:16.908","",""
"2025-06-16 03:57:59.304","https://t.me/SearchReport","N","Y","2025-06-16 03:57:59.503","",""
"2025-06-16 03:57:54.306","https://t.me/BotFather","N","Y","2025-06-16 03:57:54.525","",""
"2025-06-16 03:57:50.827","https://t.me/eirsvibot","N","Y","2025-06-16 03:57:51.014","",""
"2025-06-16 03:57:35.824","https://t.me/SANHSiE","N","Y","2025-06-16 03:57:36.027","",""
"2025-06-16 03:57:31.814","https://t.me/TempMailBot","N","Y","2025-06-16 03:57:32.003","",""
"2025-06-16 03:57:27.566","https://t.me/DomAi1","N","Y","2025-06-16 03:57:27.786","",""
"2025-06-16 03:57:17.760","https://t.me/bookscivilengineeringpdf","N","Y","2025-06-16 03:57:17.966","",""
"2025-06-16 03:57:14.416","https://t.me/mmotoolcollection","N","Y","2025-06-16 03:57:14.596","",""
"2025-06-16 03:57:08.354","https://t.me/E_Document","N","Y","2025-06-16 03:57:08.558","",""
"2025-06-16 03:57:02.542","https://t.me/EngBook","N","Y","2025-06-16 03:57:02.734","",""
"2025-06-16 03:56:59.327","https://t.me/iso27001","N","Y","2025-06-16 03:56:59.526","",""
"2025-06-16 03:56:54.197","https://t.me/musickhmersong","N","Y","2025-06-16 03:56:54.396","",""
"2025-06-16 03:56:49.238","https://t.me/chinessongs","N","Y","2025-06-16 03:56:49.444","",""
"2025-06-16 03:56:46.537","https://t.me/khmersong12","N","Y","2025-06-16 03:56:46.740","",""
"2025-06-16 03:56:42.610","https://t.me/khmersong2023","N","Y","2025-06-16 03:56:42.810","",""
"2025-06-16 03:56:39.230","https://t.me/chinesemusic_by","N","Y","2025-06-16 03:56:39.430","",""
"2025-06-16 03:56:35.665","https://t.me/iitjam_csir_net_gate_physics","N","Y","2025-06-16 03:56:35.852","",""
"2025-06-16 03:56:31.839","https://t.me/ukrab","N","Y","2025-06-16 03:56:32.027","",""
"2025-06-16 03:56:26.323","https://t.me/rednote_dl_bot","N","Y","2025-06-16 03:56:26.510","",""
"2025-06-16 03:56:21.980","https://t.me/douyin_download_bot","N","Y","2025-06-16 03:56:22.181","",""
"2025-06-16 03:56:18.614","https://t.me/bigbangsongs","N","Y","2025-06-16 03:56:18.804","",""
"2025-06-16 03:56:15.450","https://t.me/informationsecuritylife","N","Y","2025-06-16 03:56:15.638","",""
"2025-06-16 03:56:07.941","https://t.me/reanmore","N","Y","2025-06-16 03:56:08.126","",""
"2025-06-16 03:56:02.216","https://t.me/MusicKHmer77","N","Y","2025-06-16 03:56:02.399","",""
"2025-06-16 03:55:59.167","https://t.me/ebook_hindi_pdf","N","Y","2025-06-16 03:55:59.350","",""
"2025-06-16 03:55:55.803","https://t.me/Ebookspdfdownload","N","Y","2025-06-16 03:55:56.004","",""
"2025-06-16 03:55:51.692","https://t.me/everything_get","N","Y","2025-06-16 03:55:51.876","",""
"2025-06-16 03:55:47.162","https://t.me/ChiEngsadsong","N","Y","2025-06-16 03:55:47.351","",""
"2025-06-16 03:55:43.533","https://t.me/ctinow","N","Y","2025-06-16 03:55:43.733","",""
"2025-06-16 03:55:40.337","https://t.me/LIFE_CHANGING_BOOKS_EVER","N","Y","2025-06-16 03:55:40.523","",""
"2025-06-16 03:55:37.189","https://t.me/architecturebookspro","N","Y","2025-06-16 03:55:37.394","",""
"2025-06-16 03:55:33.359","https://t.me/threat_hunting_usecases","N","Y","2025-06-16 03:55:33.567","",""
"2025-06-16 03:55:30.479","https://t.me/BENfiles","N","Y","2025-06-16 03:55:30.657","",""
"2025-06-16 03:55:23.035","https://t.me/trafficcambodia","N","Y","2025-06-16 03:55:23.222","",""
"2025-06-16 03:55:18.903","https://t.me/WIZARD_8BALL_POOL","N","Y","2025-06-16 03:55:19.090","",""
"2025-06-16 03:55:08.014","https://t.me/Udemy_Learning","N","Y","2025-06-16 03:55:08.200","",""
"2025-06-16 03:55:04.884","https://t.me/zero_to_mastery_courses","N","Y","2025-06-16 03:55:05.079","",""
"2025-06-16 03:55:01.554","https://t.me/PhysicsAndMathematics5","N","Y","2025-06-16 03:55:01.755","",""
"2025-06-16 03:54:58.291","https://t.me/China_song","N","Y","2025-06-16 03:54:58.458","",""
"2025-06-16 03:54:53.528","https://t.me/cisspfree","N","Y","2025-06-16 03:54:53.729","",""
"2025-06-16 03:54:49.898","https://t.me/cybersecuritycare","N","Y","2025-06-16 03:54:50.101","",""
"2025-06-16 03:54:45.570","https://t.me/english_pdf_basic_books","N","Y","2025-06-16 03:54:45.748","",""
"2025-06-16 03:54:41.957","https://t.me/socanalyst","N","Y","2025-06-16 03:54:42.162","",""
"2025-06-16 03:54:38.843","https://t.me/mylibrarykh1","N","Y","2025-06-16 03:54:39.043","",""
"2025-06-16 03:54:35.912","https://t.me/elibrary_math","N","Y","2025-06-16 03:54:36.114","",""
"2025-06-16 03:54:32.682","https://t.me/soxoj_insides","N","Y","2025-06-16 03:54:32.883","",""
"2025-06-16 03:54:28.785","https://t.me/booksandknowledges","N","Y","2025-06-16 03:54:28.985","",""
"2025-06-16 03:54:24.841","https://t.me/hypersec","N","Y","2025-06-16 03:54:25.043","",""
"2025-06-16 03:54:21.227","https://t.me/informationtechnologykh","N","Y","2025-06-16 03:54:21.445","",""
"2025-06-16 03:54:17.581","https://t.me/dgcgovkh","N","Y","2025-06-16 03:54:17.790","",""
"2025-06-16 03:54:13.833","https://t.me/sql_databases","N","Y","2025-06-16 03:54:14.030","",""
"2025-06-16 03:54:10.521","https://t.me/OpenAI_Mastery","N","Y","2025-06-16 03:54:10.709","",""
"2025-06-16 03:54:06.089","https://t.me/cryptotutorials_101","N","Y","2025-06-16 03:54:06.273","",""
"2025-06-16 03:54:02.596","https://t.me/JavaScript_Trainings","N","Y","2025-06-16 03:54:02.801","",""
"2025-06-16 03:53:59.262","https://t.me/LinuxMastery","N","Y","2025-06-16 03:53:59.409","",""
"2025-06-16 03:53:55.517","https://t.me/innexchannel","N","Y","2025-06-16 03:53:55.707","",""
"2025-06-16 03:53:52.172","https://t.me/EnglishEbooks001","N","Y","2025-06-16 03:53:52.362","",""
"2025-06-16 03:53:47.440","https://t.me/myhotnews","N","Y","2025-06-16 03:53:47.636","",""
"2025-06-16 03:53:43.746","https://t.me/cybred","N","Y","2025-06-16 03:53:43.937","",""
"2025-06-16 03:53:40.451","https://t.me/audiobookkh","N","Y","2025-06-16 03:53:40.643","",""
"2025-06-16 03:53:37.233","https://t.me/Funny_Videos","N","Y","2025-06-16 03:53:37.429","",""
"2025-06-16 03:53:32.806","https://t.me/downloader_tiktok_bot","N","Y","2025-06-16 03:53:32.998","",""
"2025-06-16 03:53:29.511","https://t.me/FREESOFT24H","N","Y","2025-06-16 03:53:29.708","",""
"2025-06-16 03:53:24.680","https://t.me/ProfessorsAi","N","Y","2025-06-16 03:53:24.873","",""
"2025-06-16 03:53:21.349","https://t.me/durov","N","Y","2025-06-16 03:53:21.552","",""
"2025-06-16 03:53:18.119","https://t.me/udemyrip","N","Y","2025-06-16 03:53:18.322","",""
"2025-06-16 03:53:11.541","https://t.me/TheSEED","N","Y","2025-06-16 03:53:11.733","",""
"2025-06-16 03:53:08.263","https://t.me/ku77nn","N","Y","2025-06-16 03:53:08.462","",""
"2025-06-16 03:53:04.883","https://t.me/Pwn3rzs","N","Y","2025-06-16 03:53:05.080","",""
"2025-06-16 03:53:01.550","https://t.me/selfimprovementbusinessbooks","N","Y","2025-06-16 03:53:01.756","",""
"2025-06-16 03:52:58.224","https://t.me/Free_fire_mod_ios","N","Y","2025-06-16 03:52:58.438","",""
"2025-06-16 03:52:54.027","https://t.me/fortex_sadsongs","N","Y","2025-06-16 03:52:54.213","",""
"2025-06-16 03:52:50.910","https://t.me/ReanITNetworking","N","Y","2025-06-16 03:52:51.097","",""
"2025-06-16 03:52:45.583","https://t.me/tham_sambo_krabeiriel","N","Y","2025-06-16 03:52:45.767","",""
"2025-06-16 03:52:41.954","https://t.me/instinct_education","N","Y","2025-06-16 03:52:42.137","",""
"2025-06-16 03:52:37.958","https://t.me/THU_Store","N","Y","2025-06-16 03:52:38.157","",""
"2025-06-16 03:52:33.646","https://t.me/softwarefullcracked","N","Y","2025-06-16 03:52:33.845","",""
"2025-06-16 03:52:30.115","https://t.me/mobile_legends_hack_ios","N","Y","2025-06-16 03:52:30.303","",""
"2025-06-16 03:52:25.237","https://t.me/MOD_IOS_IPA","N","Y","2025-06-16 03:52:25.436","",""
"2025-06-16 03:52:22.240","https://t.me/digitalcommunityofcambodia","N","Y","2025-06-16 03:52:22.441","",""
"2025-06-16 03:52:18.960","https://t.me/PentestingNews","N","Y","2025-06-16 03:52:19.167","",""
"2025-06-16 03:52:15.560","https://t.me/linkedin_learning","N","Y","2025-06-16 03:52:15.750","",""
"2025-06-16 03:52:12.297","https://t.me/React_Training","N","Y","2025-06-16 03:52:12.507","",""
"2025-06-16 03:52:08.799","https://t.me/zero_to_mastery","N","Y","2025-06-16 03:52:08.985","",""
"2025-06-16 03:52:05.772","https://t.me/FLUORITE_OFFICIAL488","N","Y","2025-06-16 03:52:05.929","",""
"2025-06-16 03:52:00.895","https://t.me/seccode","N","Y","2025-06-16 03:52:01.105","",""
"2025-06-16 03:51:51.387","https://t.me/Roeun006","N","Y","2025-06-16 03:51:51.585","",""
"2025-06-16 03:51:46.957","https://t.me/godigital_cambodia","N","Y","2025-06-16 03:51:47.156","",""
"2025-06-16 03:51:36.050","https://t.me/courseguy_udemy","N","Y","2025-06-16 03:51:36.229","",""
"2025-06-16 03:51:29.986","https://t.me/Phy_bok","N","Y","2025-06-16 03:51:30.171","",""
"2025-06-16 03:51:23.148","https://t.me/Phy_bok","N","Y","2025-06-16 03:51:23.346","",""
"2025-06-16 03:51:17.118","https://t.me/IRCyberGuardians","N","Y","2025-06-16 03:51:17.300","",""
"2025-06-16 03:51:13.689","https://t.me/picture_kesakraram","N","Y","2025-06-16 03:51:13.887","",""
"2025-06-16 03:51:10.741","https://t.me/salacommunitychannel","N","Y","2025-06-16 03:51:10.946","",""
"2025-06-16 03:51:07.660","https://t.me/Cybersec_threat","N","Y","2025-06-16 03:51:07.840","",""
"2025-06-16 03:51:04.763","https://t.me/Vimeoinspiration","N","Y","2025-06-16 03:51:04.951","",""
"2025-06-16 03:51:01.500","https://t.me/MFAICNews","N","Y","2025-06-16 03:51:01.638","",""
"2025-06-16 03:50:57.338","https://t.me/cdcenterkh","N","Y","2025-06-16 03:50:57.521","",""
"2025-06-16 03:50:52.522","https://t.me/citsecurity","N","Y","2025-06-16 03:50:52.699","",""
"2025-06-16 03:50:46.412","https://t.me/dailydarkweb","N","Y","2025-06-16 03:50:46.611","",""
"2025-06-16 03:50:42.968","https://t.me/malwr","N","Y","2025-06-16 03:50:43.153","",""
"2025-06-16 03:50:39.820","https://t.me/allphysicsjobs","N","Y","2025-06-16 03:50:40.059","",""
"2025-06-16 03:50:36.473","https://t.me/factcityy","N","Y","2025-06-16 03:50:36.661","",""
"2025-06-16 03:50:32.574","https://t.me/INTHESHADOWSQ","N","Y","2025-06-16 03:50:32.765","",""
"2025-06-16 03:50:29.048","https://t.me/QConnected_17","N","Y","2025-06-16 03:50:29.249","",""
"2025-06-16 03:50:22.801","https://t.me/RothaLeadersip","N","Y","2025-06-16 03:50:23.006","",""
"2025-06-16 03:50:19.523","https://t.me/thehackernews","N","Y","2025-06-16 03:50:19.722","",""
"2025-06-16 03:50:15.408","https://t.me/cibsecurity","N","Y","2025-06-16 03:50:15.612","",""
"2025-06-16 03:50:11.597","https://t.me/AntTechnologyTrainingCenter","N","Y","2025-06-16 03:50:11.768","",""
"2025-06-16 03:50:08.117","https://t.me/businessbooks101","N","Y","2025-06-16 03:50:08.304","",""
"2025-06-16 03:50:04.536","https://t.me/Social_engineering","N","Y","2025-06-16 03:50:04.741","",""
"2025-06-16 03:50:00.954","https://t.me/cambotechbiz","N","Y","2025-06-16 03:50:01.145","",""
"2025-06-16 03:49:57.392","https://t.me/cambostore","N","Y","2025-06-16 03:49:57.575","",""
"2025-06-16 03:49:54.327","https://t.me/DarkfeedNews","N","Y","2025-06-16 03:49:54.512","",""
"2025-06-16 03:49:50.563","https://t.me/RedTeambro","N","Y","2025-06-16 03:49:50.746","",""
"2025-06-16 03:49:46.369","https://t.me/tanmonivann","N","Y","2025-06-16 03:49:46.556","",""
"2025-06-16 03:49:40.623","https://t.me/LearnPython3","N","Y","2025-06-16 03:49:40.813","",""
"2025-06-16 03:49:37.642","https://t.me/webdev_trainings","N","Y","2025-06-16 03:49:37.847","",""
"2025-06-16 03:49:34.264","https://t.me/googlefactss","N","Y","2025-06-16 03:49:34.464","",""
"2025-06-16 03:49:30.355","https://t.me/coursecanon","N","Y","2025-06-16 03:49:30.560","",""
"2025-06-16 03:49:25.521","https://t.me/cybdetective","N","Y","2025-06-16 03:49:25.722","",""
"2025-06-16 03:49:21.595","https://t.me/facts_crypto","N","Y","2025-06-16 03:49:21.773","",""
"2025-06-16 03:49:15.543","https://t.me/VasileiadisAnastasis","N","Y","2025-06-16 03:49:15.714","",""
"2025-06-16 03:49:08.090","https://t.me/everything_science","N","Y","2025-06-16 03:49:08.291","",""
"2025-06-16 03:49:05.091","https://t.me/MalaysiaHacktivistz","N","Y","2025-06-16 03:49:05.277","",""
"2025-06-16 03:49:00.547","https://t.me/engvisuals","N","Y","2025-06-16 03:49:00.701","",""
"2025-06-16 03:48:56.653","https://t.me/Useful_Tips_Lifehacks","N","Y","2025-06-16 03:48:56.836","",""
"2025-06-16 03:48:52.951","https://t.me/khmerebooks","N","Y","2025-06-16 03:48:53.146","",""
"2025-06-16 03:48:49.474","https://t.me/KSLtechnology","N","Y","2025-06-16 03:48:49.660","",""
"2025-06-16 03:48:46.194","https://t.me/ictcambo","N","Y","2025-06-16 03:48:46.394","",""
"2025-06-16 03:48:42.996","https://t.me/neathonnin","N","Y","2025-06-16 03:48:43.190","",""
"2025-06-16 03:48:36.468","https://t.me/jobifyworks","N","Y","2025-06-16 03:48:36.660","",""
"2025-06-16 03:48:32.857","https://t.me/findjobit","N","Y","2025-06-16 03:48:33.057","",""
"2025-06-16 03:48:29.576","https://t.me/digitaleconomybusinesscomittee","N","Y","2025-06-16 03:48:29.746","",""
"2025-06-16 03:48:20.384","https://t.me/awesome_science","N","Y","2025-06-16 03:48:20.568","",""
"2025-06-16 03:48:17.189","https://t.me/awesome_science","N","Y","2025-06-16 03:48:17.406","",""
"2025-06-16 03:48:13.242","https://t.me/doyouknow_tg","N","Y","2025-06-16 03:48:13.436","",""
"2025-06-16 03:48:09.845","https://t.me/structuralengineerco","N","Y","2025-06-16 03:48:10.052","",""
"2025-06-16 03:48:06.698","https://t.me/HighIQMemes","N","Y","2025-06-16 03:48:06.904","",""
"2025-06-16 03:48:03.732","https://t.me/Sharing_Files_Knowledge","N","Y","2025-06-16 03:48:03.909","",""
"2025-06-16 03:47:58.753","https://t.me/psychofactssss","N","Y","2025-06-16 03:47:58.954","",""
"2025-06-16 03:47:55.089","https://t.me/bookspdfv","N","Y","2025-06-16 03:47:55.276","",""
"2025-06-16 03:47:51.577","https://t.me/civilissues","N","Y","2025-06-16 03:47:51.774","",""
"2025-06-16 03:47:48.365","https://t.me/Think_Positive_Tm","N","Y","2025-06-16 03:47:48.555","",""
"2025-06-16 03:47:44.632","https://t.me/HiringCambodiaJobs","N","Y","2025-06-16 03:47:44.821","",""
"2025-06-16 03:47:40.937","https://t.me/dirty_humour","N","Y","2025-06-16 03:47:41.123","",""
"2025-06-16 03:47:37.049","https://t.me/ChhengSarey","N","Y","2025-06-16 03:47:37.237","",""
"2025-06-16 03:47:33.795","https://t.me/scientific","N","Y","2025-06-16 03:47:33.983","",""
"2025-06-16 03:47:29.781","https://t.me/socialandlaw","N","Y","2025-06-16 03:47:29.981","",""
"2025-06-16 03:47:25.903","https://t.me/mptcgovkh","N","Y","2025-06-16 03:47:26.125","",""
"2025-06-16 03:47:22.437","https://t.me/Cambobiz","N","Y","2025-06-16 03:47:22.629","",""
"2025-06-16 03:47:18.528","https://t.me/poxek","N","Y","2025-06-16 03:47:18.720","",""
"2025-06-16 03:47:14.797","https://t.me/SophatCHY","N","Y","2025-06-16 03:47:14.983","",""
"2025-06-16 03:47:10.781","https://t.me/RoyalGovernmentSpokespersonUnit","N","Y","2025-06-16 03:47:10.971","",""
"2025-06-16 03:47:05.271","https://t.me/English_BBC_Learning","N","Y","2025-06-16 03:47:05.472","",""
"2025-06-16 03:47:01.658","https://t.me/OUPNarith","N","Y","2025-06-16 03:47:01.841","",""
"2025-06-16 03:46:57.711","https://t.me/infosecisac","N","Y","2025-06-16 03:46:57.905","",""
"2025-06-16 03:46:52.951","https://t.me/mocnewsfeed","N","Y","2025-06-16 03:46:53.151","",""
"2025-06-16 03:46:49.036","https://t.me/ittrainingcambodia","N","Y","2025-06-16 03:46:49.237","",""
"2025-06-16 03:46:44.611","https://t.me/imobikh","N","Y","2025-06-16 03:46:44.792","",""
"2025-06-16 03:46:39.498","https://t.me/TheTomorrowTechnology","N","Y","2025-06-16 03:46:39.696","",""
"2025-06-16 03:46:36.050","https://t.me/it_secur","N","Y","2025-06-16 03:46:36.238","",""
"2025-06-16 03:46:32.520","https://t.me/BRUTAL_realizm","N","Y","2025-06-16 03:46:32.722","",""
"2025-06-16 03:46:28.876","https://t.me/propertyarea_asia","N","Y","2025-06-16 03:46:29.055","",""
"2025-06-16 03:46:25.644","https://t.me/no_dulling","N","Y","2025-06-16 03:46:25.825","",""
"2025-06-16 03:46:21.831","https://t.me/kongchhaylengchannel","N","Y","2025-06-16 03:46:22.017","",""
"2025-06-16 03:46:16.754","https://t.me/StartupCambodiaOfficial","N","Y","2025-06-16 03:46:16.951","",""
"2025-06-16 03:46:11.224","https://t.me/Funny","N","Y","2025-06-16 03:46:11.423","",""
"2025-06-16 03:46:07.011","https://t.me/thebugbountyhunter","N","Y","2025-06-16 03:46:07.223","",""
"2025-06-16 03:46:00.484","https://t.me/CyberSecurityTechnologies","N","Y","2025-06-16 03:46:00.622","",""
"2025-06-16 03:45:56.835","https://t.me/S_E_Reborn","N","Y","2025-06-16 03:45:57.036","",""
"2025-06-16 03:45:53.624","https://t.me/pythonspecialist","N","Y","2025-06-16 03:45:53.816","",""
"2025-06-16 03:45:32.624","https://t.me/karma_en","N","Y","2025-06-16 03:45:32.810","",""
"2025-06-16 03:45:29.346","https://t.me/construction_library","N","Y","2025-06-16 03:45:29.567","",""
"2025-06-16 03:45:25.865","https://t.me/codingfreebooks","N","Y","2025-06-16 03:45:26.047","",""
"2025-06-16 03:45:21.454","https://t.me/InterviewBooks","N","Y","2025-06-16 03:45:21.642","",""
"2025-06-16 03:45:17.741","https://t.me/the_programming_girls","N","Y","2025-06-16 03:45:17.922","",""
"2025-06-16 03:45:14.441","https://t.me/programming_guide","N","Y","2025-06-16 03:45:14.626","",""
"2025-06-16 03:45:11.514","https://t.me/TheConspiracyHole","N","Y","2025-06-16 03:45:11.715","",""
"2025-06-16 03:45:08.301","https://t.me/Programming_experts","N","Y","2025-06-16 03:45:08.503","",""
"2025-06-16 03:45:04.906","https://t.me/udemy_free_courses_with_certi","N","Y","2025-06-16 03:45:05.096","",""
"2025-06-16 03:45:01.704","https://t.me/top_muzyaka","N","Y","2025-06-16 03:45:01.912","",""
"2025-06-16 03:44:57.426","https://t.me/tg_infosec","N","Y","2025-06-16 03:44:57.593","",""
"2025-06-16 03:44:53.980","https://t.me/movie","N","Y","2025-06-16 03:44:54.187","",""
"2025-06-16 03:44:50.248","https://t.me/tech_b0lt_Genona","N","Y","2025-06-16 03:44:50.454","",""
"2025-06-16 03:44:46.354","https://t.me/Fluorite_ff_mlb","N","Y","2025-06-16 03:44:46.535","",""
"2025-06-16 03:44:42.406","https://t.me/WorldHistoryDaily","N","Y","2025-06-16 03:44:42.600","",""
"2025-06-16 03:44:37.960","https://t.me/interiorplusdesign","N","Y","2025-06-16 03:44:38.160","",""
"2025-06-16 03:44:34.315","https://t.me/KunKhmerFighter","N","Y","2025-06-16 03:44:34.505","",""
"2025-06-16 03:44:30.918","https://t.me/motgovkh","N","Y","2025-06-16 03:44:31.107","",""
"2025-06-16 03:44:27.387","https://t.me/libraryofrentha","N","Y","2025-06-16 03:44:27.578","",""
"2025-06-16 03:44:23.792","https://t.me/interesting","N","Y","2025-06-16 03:44:23.999","",""
"2025-06-16 03:44:20.398","https://t.me/mybooks4you","N","Y","2025-06-16 03:44:20.593","",""
"2025-06-16 03:44:16.482","https://t.me/Forbidden_History_tg","N","Y","2025-06-16 03:44:16.669","",""
"2025-06-16 03:44:12.051","https://t.me/theadcamchat","N","Y","2025-06-16 03:44:12.246","",""
"2025-06-16 03:44:08.604","https://t.me/learningnets","N","Y","2025-06-16 03:44:08.808","",""
"2025-06-16 03:44:04.843","https://t.me/PUBG_Hack488","N","Y","2025-06-16 03:44:05.043","",""
"2025-06-16 03:44:01.314","https://t.me/NIT_Cambodia","N","Y","2025-06-16 03:44:01.533","",""
"2025-06-16 03:43:57.834","https://t.me/darkvoicemag","N","Y","2025-06-16 03:43:58.002","",""
"2025-06-16 03:43:52.838","https://t.me/did_you_know_mystery","N","Y","2025-06-16 03:43:53.025","",""
"2025-06-16 03:43:48.972","https://t.me/AllSecurityEngineeringCourses","N","Y","2025-06-16 03:43:49.176","",""
"2025-06-16 03:43:45.658","https://t.me/TVKCambodia","N","Y","2025-06-16 03:43:45.861","",""
"2025-06-16 03:43:42.115","https://t.me/Dr_Hunmanetofcambodia","N","Y","2025-06-16 03:43:42.299","",""
"2025-06-16 03:43:37.848","https://t.me/spmhunsen","N","Y","2025-06-16 03:43:37.994","",""
"2025-06-16 03:43:28.060","https://t.me/spokespersonforstpm","N","Y","2025-06-16 03:43:28.261","",""
"2025-06-16 03:43:24.864","https://t.me/androidMalware","N","Y","2025-06-16 03:43:25.049","",""
"2025-06-16 03:43:21.301","https://t.me/inowknow","N","Y","2025-06-16 03:43:21.484","",""
"2025-06-16 03:43:17.089","https://t.me/design_simple_lux","N","Y","2025-06-16 03:43:17.292","",""
"2025-06-16 03:43:13.042","https://t.me/tgscience_facts","N","Y","2025-06-16 03:43:13.230","",""
"2025-06-16 03:43:09.876","https://t.me/GitBook_s","N","Y","2025-06-16 03:43:10.064","",""
"2025-06-16 03:43:05.946","https://t.me/amazingnatures","N","Y","2025-06-16 03:43:06.133","",""
"2025-06-16 03:43:03.048","https://t.me/Nyakundi","N","Y","2025-06-16 03:43:03.229","",""
"2025-06-16 03:42:58.755","https://t.me/ukr_leaks_eng","N","Y","2025-06-16 03:42:58.948","",""
"2025-06-16 03:42:54.361","https://t.me/buzzquotes","N","Y","2025-06-16 03:42:54.563","",""
"2025-06-16 03:42:51.328","https://t.me/nvrdvnvt","N","Y","2025-06-16 03:42:51.510","",""
"2025-06-16 03:42:47.066","https://t.me/TheXFiles2024","N","Y","2025-06-16 03:42:47.271","",""
"2025-06-16 03:42:43.388","https://t.me/disgrace_tg","N","Y","2025-06-16 03:42:43.571","",""
"2025-06-16 03:42:39.606","https://t.me/ForeignAgentIntel","N","Y","2025-06-16 03:42:39.786","",""
"2025-06-16 03:42:35.144","https://t.me/buzzhistory","N","Y","2025-06-16 03:42:35.360","",""
"2025-06-16 03:42:31.846","https://t.me/udemycoursesfree","N","Y","2025-06-16 03:42:32.047","",""
"2025-06-16 03:42:28.667","https://t.me/Udemy7","N","Y","2025-06-16 03:42:28.852","",""
"2025-06-16 03:42:23.689","https://t.me/funny_videos_memes_clips_kaotic","N","Y","2025-06-16 03:42:23.874","",""
"2025-06-16 03:42:19.145","https://t.me/Psycho_Motivations","N","Y","2025-06-16 03:42:19.331","",""
"2025-06-16 03:41:38.280","https://t.me/Secret_history1","N","Y","2025-06-16 03:41:38.481","",""
"2025-06-16 03:41:34.832","https://t.me/ForeignAgentIntel","N","Y","2025-06-16 03:41:35.034","",""
"2025-06-16 03:41:31.256","https://t.me/buzzhistory","N","Y","2025-06-16 03:41:31.454","",""
"2025-06-16 03:41:27.558","https://t.me/udemycoursesfree","N","Y","2025-06-16 03:41:27.760","",""
"2025-06-16 03:41:22.860","https://t.me/Udemy7","N","Y","2025-06-16 03:41:23.055","",""
"2025-06-16 03:41:19.514","https://t.me/funny_videos_memes_clips_kaotic","N","Y","2025-06-16 03:41:19.706","",""
"2025-06-16 03:41:15.934","https://t.me/Psycho_Motivations","N","Y","2025-06-16 03:41:16.141","",""
"2025-06-16 03:41:11.821","https://t.me/AutoUdemy","N","Y","2025-06-16 03:41:11.988","",""
"2025-06-16 03:41:06.579","https://t.me/amazingfacts4","N","Y","2025-06-16 03:41:06.766","",""
"2025-06-16 03:41:02.780","https://t.me/secret_history2","N","Y","2025-06-16 03:41:02.969","",""
"2025-06-16 03:40:59.115","https://t.me/why_eng","N","Y","2025-06-16 03:40:59.282","",""
"2025-06-16 03:40:55.407","https://t.me/tg_discovery","N","Y","2025-06-16 03:40:55.578","",""
"2025-06-16 03:40:52.105","https://t.me/cruel_historyy","N","Y","2025-06-16 03:40:52.290","",""
"2025-06-16 03:40:48.642","https://t.me/mind_tg","N","Y","2025-06-16 03:40:48.844","",""
"2025-06-16 03:40:42.402","https://t.me/activedirectorypentesting","N","Y","2025-06-16 03:40:42.589","",""
"2025-06-16 03:40:38.902","https://t.me/quote","N","Y","2025-06-16 03:40:39.075","",""
"2025-06-16 03:40:32.843","https://t.me/Get_Books_crypto","N","Y","2025-06-16 03:40:33.029","",""
"2025-06-16 03:40:29.493","https://t.me/noobtooscp","N","Y","2025-06-16 03:40:29.678","",""
"2025-06-16 03:40:25.634","https://t.me/iP_CF","N","Y","2025-06-16 03:40:25.824","",""
"2025-06-16 03:40:22.238","https://t.me/Get_Books_crypto","N","Y","2025-06-16 03:40:22.420","",""
"2025-06-16 03:40:17.373","https://t.me/noobtooscp","N","Y","2025-06-16 03:40:17.574","",""
"2025-06-16 03:40:13.695","https://t.me/Physicsonfingers","N","Y","2025-06-16 03:40:13.887","",""
"2025-06-16 03:40:10.598","https://t.me/Entrepreneur_tips_Crypto_Skills","N","Y","2025-06-16 03:40:10.780","",""
"2025-06-16 03:40:06.734","https://t.me/Money_Masterly_Quotes_Mindset","N","Y","2025-06-16 03:40:06.931","",""
"2025-06-16 03:40:03.688","https://t.me/tipsforgood","N","Y","2025-06-16 03:40:03.904","",""
"2025-06-16 03:40:00.325","https://t.me/topprogressivehousemusic","N","Y","2025-06-16 03:40:00.533","",""
"2025-06-16 03:39:53.464","https://t.me/crazynews_today","N","Y","2025-06-16 03:39:53.658","",""
"2025-06-16 03:39:49.232","https://t.me/photovideohack","N","Y","2025-06-16 03:39:49.433","",""
"2025-06-16 03:39:41.042","https://t.me/General_KnowledgeTM","N","Y","2025-06-16 03:39:41.221","",""
"2025-06-16 03:39:34.229","https://t.me/LearnEvery_Day","N","Y","2025-06-16 03:39:34.428","",""
"2025-06-16 03:39:30.850","https://t.me/udemyfreecourses13","N","Y","2025-06-16 03:39:31.044","",""
"2025-06-16 03:39:27.254","https://t.me/moscowachplus","N","Y","2025-06-16 03:39:27.437","",""
"2025-06-16 03:39:22.227","https://t.me/Nature","N","Y","2025-06-16 03:39:22.443","",""
"2025-06-16 03:39:19.093","https://t.me/InTheLoveitsnofear","N","Y","2025-06-16 03:39:19.297","",""
"2025-06-16 03:39:14.084","https://t.me/warmonitors","N","Y","2025-06-16 03:39:14.268","",""
"2025-06-16 03:39:10.502","https://t.me/a_moment_before","N","Y","2025-06-16 03:39:10.691","",""
"2025-06-16 03:39:05.856","https://t.me/weird_facts_TM","N","Y","2025-06-16 03:39:06.058","",""
"2025-06-16 03:39:02.329","https://t.me/muzic_portal45rus","N","Y","2025-06-16 03:39:02.526","",""
"2025-06-16 03:38:59.016","https://t.me/intfactsen","N","Y","2025-06-16 03:38:59.203","",""
"2025-06-16 03:38:55.519","https://t.me/Awekened_USA","N","Y","2025-06-16 03:38:55.706","",""
"2025-06-16 03:38:51.773","https://t.me/leaklive_tg","N","Y","2025-06-16 03:38:51.957","",""
"2025-06-16 03:38:46.343","https://t.me/shoalresearch","N","Y","2025-06-16 03:38:46.544","",""
"2025-06-16 03:38:42.380","https://t.me/militarywave","N","Y","2025-06-16 03:38:42.554","",""
"2025-06-16 03:38:38.199","https://t.me/goodtipsnow","N","Y","2025-06-16 03:38:38.403","",""
"2025-06-16 03:38:34.855","https://t.me/geopolitics_live","N","Y","2025-06-16 03:38:35.040","",""
"2025-06-16 03:38:31.123","https://t.me/myLordBebo","N","Y","2025-06-16 03:38:31.309","",""
"2025-06-16 03:38:27.279","https://t.me/funnyanimals_1","N","Y","2025-06-16 03:38:27.479","",""
"2025-06-16 03:38:22.618","https://t.me/discovery_video1","N","Y","2025-06-16 03:38:22.815","",""
"2025-06-16 03:38:19.104","https://t.me/MasterCMiller","N","Y","2025-06-16 03:38:19.306","",""
"2025-06-16 03:38:15.071","https://t.me/thecradlemedia","N","Y","2025-06-16 03:38:15.272","",""
"2025-06-16 03:38:11.158","https://t.me/GeneralMCNews","N","Y","2025-06-16 03:38:11.362","",""
"2025-06-16 03:38:07.382","https://t.me/TheDarkWebInformer","N","Y","2025-06-16 03:38:07.590","",""
"2025-06-16 03:38:03.551","https://t.me/blueteamalerts","N","Y","2025-06-16 03:38:03.732","",""
"2025-06-16 03:37:58.123","https://t.me/programming_courses","N","Y","2025-06-16 03:37:58.309","",""
"2025-06-16 03:37:54.076","https://t.me/Technology_News_Updates","N","Y","2025-06-16 03:37:54.258","",""
"2025-06-16 03:37:49.646","https://t.me/discoveryb","N","Y","2025-06-16 03:37:49.851","",""
"2025-06-16 03:37:45.801","https://t.me/cveNotify","N","Y","2025-06-16 03:37:45.989","",""
"2025-06-16 03:37:41.654","https://t.me/Onfrabmusic","N","Y","2025-06-16 03:37:41.859","",""
"2025-06-16 03:37:37.507","https://t.me/ukraine_watch","N","Y","2025-06-16 03:37:37.734","",""
"2025-06-16 03:37:32.578","https://t.me/Slavyangrad","N","Y","2025-06-16 03:37:32.981","",""
"2025-06-16 03:37:16.577","https://t.me/Crazy_Moments_USA","N","Y","2025-06-16 03:37:16.712","",""
"2025-06-16 03:37:05.471","https://t.me/DDGeopolitics","N","Y","2025-06-16 03:37:05.625","",""
